Method,Job,AnalyzeLaunchVariance,EvaluateOverhead,MaxAbsoluteError,MaxRelativeError,MinInvokeCount,MinIterationTime,OutlierMode,Affinity,EnvironmentVariables,Jit,Platform,PowerPlanMode,Runtime,AllowVeryLargeObjects,Concurrent,CpuGroups,Force,HeapAffinitizeMask,HeapCount,NoAffinitize,RetainVm,Server,Arguments,BuildConfiguration,Clock,EngineFactory,NuGetReferences,Toolchain,IsMutator,InvocationCount,IterationCount,IterationTime,LaunchCount,MaxIterationCount,MaxWarmupIterationCount,MemoryRandomization,MinIterationCount,MinWarmupIterationCount,RunStrategy,UnrollFactor,WarmupCount,_a,_b,Mean,Error,StdDev,Ratio,Gen0,Allocated,Alloc Ratio
SubtractMod_BigInteger,.NET 7.0,False,Default,Default,Default,Default,Default,Default,111111111111111111111111,Empty,RyuJit,X64,8c5e7fda-e8bf-4a96-9a85-a6e23a8c635c,.NET 7.0,False,True,False,True,Default,Default,False,False,False,Default,Default,Default,Default,Default,Default,Default,Default,Default,Default,Default,Default,Default,Default,Default,Default,Default,16,Default,(115(...)FpE) [201],(115(...)FpE) [201],17.852 ns,0.0498 ns,0.0465 ns,1.00,-,0 B,NA
SubtractMod_UInt256,.NET 7.0,False,Default,Default,Default,Default,Default,Default,111111111111111111111111,Empty,RyuJit,X64,8c5e7fda-e8bf-4a96-9a85-a6e23a8c635c,.NET 7.0,False,True,False,True,Default,Default,False,False,False,Default,Default,Default,Default,Default,Default,Default,Default,Default,Default,Default,Default,Default,Default,Default,Default,Default,16,Default,(115(...)FpE) [201],(115(...)FpE) [201],5.395 ns,0.1066 ns,0.0945 ns,0.30,-,0 B,NA
SubtractMod_Element,.NET 7.0,False,Default,Default,Default,Default,Default,Default,111111111111111111111111,Empty,RyuJit,X64,8c5e7fda-e8bf-4a96-9a85-a6e23a8c635c,.NET 7.0,False,True,False,True,Default,Default,False,False,False,Default,Default,Default,Default,Default,Default,Default,Default,Default,Default,Default,Default,Default,Default,Default,Default,Default,16,Default,(115(...)FpE) [201],(115(...)FpE) [201],6.467 ns,0.0040 ns,0.0038 ns,0.36,-,0 B,NA
SubtractMod_BigInteger,.NET 7.0,False,Default,Default,Default,Default,Default,Default,111111111111111111111111,Empty,RyuJit,X64,8c5e7fda-e8bf-4a96-9a85-a6e23a8c635c,.NET 7.0,False,True,False,True,Default,Default,False,False,False,Default,Default,Default,Default,Default,Default,Default,Default,Default,Default,Default,Default,Default,Default,Default,Default,Default,16,Default,(115(...)FpE) [201],(619(...)FpE) [197],42.182 ns,0.2501 ns,0.2088 ns,1.00,0.0013,112 B,1.00
SubtractMod_UInt256,.NET 7.0,False,Default,Default,Default,Default,Default,Default,111111111111111111111111,Empty,RyuJit,X64,8c5e7fda-e8bf-4a96-9a85-a6e23a8c635c,.NET 7.0,False,True,False,True,Default,Default,False,False,False,Default,Default,Default,Default,Default,Default,Default,Default,Default,Default,Default,Default,Default,Default,Default,Default,Default,16,Default,(115(...)FpE) [201],(619(...)FpE) [197],54.894 ns,0.1947 ns,0.1726 ns,1.30,-,0 B,0.00
SubtractMod_Element,.NET 7.0,False,Default,Default,Default,Default,Default,Default,111111111111111111111111,Empty,RyuJit,X64,8c5e7fda-e8bf-4a96-9a85-a6e23a8c635c,.NET 7.0,False,True,False,True,Default,Default,False,False,False,Default,Default,Default,Default,Default,Default,Default,Default,Default,Default,Default,Default,Default,Default,Default,Default,Default,16,Default,(115(...)FpE) [201],(619(...)FpE) [197],8.225 ns,0.0886 ns,0.0785 ns,0.20,-,0 B,0.00
SubtractMod_BigInteger,.NET 7.0,False,Default,Default,Default,Default,Default,Default,111111111111111111111111,Empty,RyuJit,X64,8c5e7fda-e8bf-4a96-9a85-a6e23a8c635c,.NET 7.0,False,True,False,True,Default,Default,False,False,False,Default,Default,Default,Default,Default,Default,Default,Default,Default,Default,Default,Default,Default,Default,Default,Default,Default,16,Default,(619(...)FpE) [197],(115(...)FpE) [201],38.063 ns,0.0549 ns,0.0513 ns,1.00,0.0013,112 B,1.00
SubtractMod_UInt256,.NET 7.0,False,Default,Default,Default,Default,Default,Default,111111111111111111111111,Empty,RyuJit,X64,8c5e7fda-e8bf-4a96-9a85-a6e23a8c635c,.NET 7.0,False,True,False,True,Default,Default,False,False,False,Default,Default,Default,Default,Default,Default,Default,Default,Default,Default,Default,Default,Default,Default,Default,Default,Default,16,Default,(619(...)FpE) [197],(115(...)FpE) [201],54.572 ns,0.1488 ns,0.1392 ns,1.43,-,0 B,0.00
SubtractMod_Element,.NET 7.0,False,Default,Default,Default,Default,Default,Default,111111111111111111111111,Empty,RyuJit,X64,8c5e7fda-e8bf-4a96-9a85-a6e23a8c635c,.NET 7.0,False,True,False,True,Default,Default,False,False,False,Default,Default,Default,Default,Default,Default,Default,Default,Default,Default,Default,Default,Default,Default,Default,Default,Default,16,Default,(619(...)FpE) [197],(115(...)FpE) [201],6.335 ns,0.0071 ns,0.0059 ns,0.17,-,0 B,0.00
SubtractMod_BigInteger,.NET 7.0,False,Default,Default,Default,Default,Default,Default,111111111111111111111111,Empty,RyuJit,X64,8c5e7fda-e8bf-4a96-9a85-a6e23a8c635c,.NET 7.0,False,True,False,True,Default,Default,False,False,False,Default,Default,Default,Default,Default,Default,Default,Default,Default,Default,Default,Default,Default,Default,Default,Default,Default,16,Default,(619(...)FpE) [197],(619(...)FpE) [197],17.948 ns,0.0608 ns,0.0569 ns,1.00,-,0 B,NA
SubtractMod_UInt256,.NET 7.0,False,Default,Default,Default,Default,Default,Default,111111111111111111111111,Empty,RyuJit,X64,8c5e7fda-e8bf-4a96-9a85-a6e23a8c635c,.NET 7.0,False,True,False,True,Default,Default,False,False,False,Default,Default,Default,Default,Default,Default,Default,Default,Default,Default,Default,Default,Default,Default,Default,Default,Default,16,Default,(619(...)FpE) [197],(619(...)FpE) [197],5.333 ns,0.0113 ns,0.0106 ns,0.30,-,0 B,NA
SubtractMod_Element,.NET 7.0,False,Default,Default,Default,Default,Default,Default,111111111111111111111111,Empty,RyuJit,X64,8c5e7fda-e8bf-4a96-9a85-a6e23a8c635c,.NET 7.0,False,True,False,True,Default,Default,False,False,False,Default,Default,Default,Default,Default,Default,Default,Default,Default,Default,Default,Default,Default,Default,Default,Default,Default,16,Default,(619(...)FpE) [197],(619(...)FpE) [197],6.494 ns,0.0500 ns,0.0417 ns,0.36,-,0 B,NA
