Method,Job,AnalyzeLaunchVariance,EvaluateOverhead,MaxAbsoluteError,MaxRelativeError,MinInvokeCount,MinIterationTime,OutlierMode,Affinity,EnvironmentVariables,Jit,Platform,PowerPlanMode,Runtime,AllowVeryLargeObjects,Concurrent,CpuGroups,Force,HeapAffinitizeMask,HeapCount,NoAffinitize,RetainVm,Server,Arguments,BuildConfiguration,Clock,EngineFactory,NuGetReferences,Toolchain,IsMutator,InvocationCount,IterationCount,IterationTime,LaunchCount,MaxIterationCount,MaxWarmupIterationCount,MemoryRandomization,MinIterationCount,MinWarmupIterationCount,RunStrategy,UnrollFactor,WarmupCount,_a,_b,Mean,Error,StdDev,Ratio,RatioSD,Allocated,Alloc Ratio
Divide_BigInteger,.NET 7.0,False,Default,Default,Default,Default,Default,Default,111111111111111111111111,Empty,RyuJit,X64,8c5e7fda-e8bf-4a96-9a85-a6e23a8c635c,.NET 7.0,False,True,False,True,Default,Default,False,False,False,Default,Default,Default,Default,Default,Default,Default,Default,Default,Default,Default,Default,Default,Default,Default,Default,Default,16,Default,(115(...)FpE) [201],(115(...)FpE) [201],24.424 ns,0.5032 ns,0.8544 ns,1.00,0.00,0 B,NA
Divide_UInt256,.NET 7.0,False,Default,Default,Default,Default,Default,Default,111111111111111111111111,Empty,RyuJit,X64,8c5e7fda-e8bf-4a96-9a85-a6e23a8c635c,.NET 7.0,False,True,False,True,Default,Default,False,False,False,Default,Default,Default,Default,Default,Default,Default,Default,Default,Default,Default,Default,Default,Default,Default,Default,Default,16,Default,(115(...)FpE) [201],(115(...)FpE) [201],5.027 ns,0.0111 ns,0.0104 ns,0.20,0.01,0 B,NA
Divide_Element,.NET 7.0,False,Default,Default,Default,Default,Default,Default,111111111111111111111111,Empty,RyuJit,X64,8c5e7fda-e8bf-4a96-9a85-a6e23a8c635c,.NET 7.0,False,True,False,True,Default,Default,False,False,False,Default,Default,Default,Default,Default,Default,Default,Default,Default,Default,Default,Default,Default,Default,Default,Default,Default,16,Default,(115(...)FpE) [201],(115(...)FpE) [201],"2,623.324 ns",5.3240 ns,4.9801 ns,105.52,2.91,160 B,NA
Divide_BigInteger,.NET 7.0,False,Default,Default,Default,Default,Default,Default,111111111111111111111111,Empty,RyuJit,X64,8c5e7fda-e8bf-4a96-9a85-a6e23a8c635c,.NET 7.0,False,True,False,True,Default,Default,False,False,False,Default,Default,Default,Default,Default,Default,Default,Default,Default,Default,Default,Default,Default,Default,Default,Default,Default,16,Default,(115(...)FpE) [201],(619(...)FpE) [197],24.633 ns,0.0977 ns,0.0866 ns,1.00,0.00,0 B,NA
Divide_UInt256,.NET 7.0,False,Default,Default,Default,Default,Default,Default,111111111111111111111111,Empty,RyuJit,X64,8c5e7fda-e8bf-4a96-9a85-a6e23a8c635c,.NET 7.0,False,True,False,True,Default,Default,False,False,False,Default,Default,Default,Default,Default,Default,Default,Default,Default,Default,Default,Default,Default,Default,Default,Default,Default,16,Default,(115(...)FpE) [201],(619(...)FpE) [197],50.720 ns,0.5105 ns,0.4525 ns,2.06,0.02,0 B,NA
Divide_Element,.NET 7.0,False,Default,Default,Default,Default,Default,Default,111111111111111111111111,Empty,RyuJit,X64,8c5e7fda-e8bf-4a96-9a85-a6e23a8c635c,.NET 7.0,False,True,False,True,Default,Default,False,False,False,Default,Default,Default,Default,Default,Default,Default,Default,Default,Default,Default,Default,Default,Default,Default,Default,Default,16,Default,(115(...)FpE) [201],(619(...)FpE) [197],"2,776.440 ns",16.9724 ns,14.1728 ns,112.74,0.78,160 B,NA
Divide_BigInteger,.NET 7.0,False,Default,Default,Default,Default,Default,Default,111111111111111111111111,Empty,RyuJit,X64,8c5e7fda-e8bf-4a96-9a85-a6e23a8c635c,.NET 7.0,False,True,False,True,Default,Default,False,False,False,Default,Default,Default,Default,Default,Default,Default,Default,Default,Default,Default,Default,Default,Default,Default,Default,Default,16,Default,(619(...)FpE) [197],(115(...)FpE) [201],19.071 ns,0.1859 ns,0.1452 ns,1.00,0.00,0 B,NA
Divide_UInt256,.NET 7.0,False,Default,Default,Default,Default,Default,Default,111111111111111111111111,Empty,RyuJit,X64,8c5e7fda-e8bf-4a96-9a85-a6e23a8c635c,.NET 7.0,False,True,False,True,Default,Default,False,False,False,Default,Default,Default,Default,Default,Default,Default,Default,Default,Default,Default,Default,Default,Default,Default,Default,Default,16,Default,(619(...)FpE) [197],(115(...)FpE) [201],4.481 ns,0.0250 ns,0.0209 ns,0.23,0.00,0 B,NA
Divide_Element,.NET 7.0,False,Default,Default,Default,Default,Default,Default,111111111111111111111111,Empty,RyuJit,X64,8c5e7fda-e8bf-4a96-9a85-a6e23a8c635c,.NET 7.0,False,True,False,True,Default,Default,False,False,False,Default,Default,Default,Default,Default,Default,Default,Default,Default,Default,Default,Default,Default,Default,Default,Default,Default,16,Default,(619(...)FpE) [197],(115(...)FpE) [201],"2,671.697 ns",32.2200 ns,26.9052 ns,140.15,1.97,160 B,NA
Divide_BigInteger,.NET 7.0,False,Default,Default,Default,Default,Default,Default,111111111111111111111111,Empty,RyuJit,X64,8c5e7fda-e8bf-4a96-9a85-a6e23a8c635c,.NET 7.0,False,True,False,True,Default,Default,False,False,False,Default,Default,Default,Default,Default,Default,Default,Default,Default,Default,Default,Default,Default,Default,Default,Default,Default,16,Default,(619(...)FpE) [197],(619(...)FpE) [197],24.603 ns,0.0746 ns,0.0661 ns,1.00,0.00,0 B,NA
Divide_UInt256,.NET 7.0,False,Default,Default,Default,Default,Default,Default,111111111111111111111111,Empty,RyuJit,X64,8c5e7fda-e8bf-4a96-9a85-a6e23a8c635c,.NET 7.0,False,True,False,True,Default,Default,False,False,False,Default,Default,Default,Default,Default,Default,Default,Default,Default,Default,Default,Default,Default,Default,Default,Default,Default,16,Default,(619(...)FpE) [197],(619(...)FpE) [197],5.347 ns,0.0139 ns,0.0130 ns,0.22,0.00,0 B,NA
Divide_Element,.NET 7.0,False,Default,Default,Default,Default,Default,Default,111111111111111111111111,Empty,RyuJit,X64,8c5e7fda-e8bf-4a96-9a85-a6e23a8c635c,.NET 7.0,False,True,False,True,Default,Default,False,False,False,Default,Default,Default,Default,Default,Default,Default,Default,Default,Default,Default,Default,Default,Default,Default,Default,Default,16,Default,(619(...)FpE) [197],(619(...)FpE) [197],"2,837.234 ns",18.3212 ns,15.2990 ns,115.34,0.65,160 B,NA
