Method,Job,AnalyzeLaunchVariance,EvaluateOverhead,MaxAbsoluteError,MaxRelativeError,MinInvokeCount,MinIterationTime,OutlierMode,Affinity,EnvironmentVariables,Jit,LargeAddressAware,Platform,PowerPlanMode,Runtime,AllowVeryLargeObjects,Concurrent,CpuGroups,Force,HeapAffinitizeMask,HeapCount,NoAffinitize,RetainVm,Server,Arguments,BuildConfiguration,Clock,EngineFactory,NuGetReferences,Toolchain,IsMutator,InvocationCount,IterationCount,IterationTime,LaunchCount,MaxIterationCount,MaxWarmupIterationCount,MemoryRandomization,MinIterationCount,MinWarmupIterationCount,RunStrategy,UnrollFactor,WarmupCount,A,B,Mean,Error,StdDev,Ratio,RatioSD,Allocated,Alloc Ratio
Subtract_FrE,.NET 8.0,False,Default,Default,Default,Default,Default,Default,111111111111111111111111,Empty,RyuJit,Default,X64,8c5e7fda-e8bf-4a96-9a85-a6e23a8c635c,.NET 8.0,False,True,False,True,Default,Default,False,False,False,Default,Default,Default,Default,Default,Default,Default,Default,Default,Default,Default,Default,Default,Default,Default,Default,Default,16,Default,(Net(...)801) [120],(Net(...)801) [120],2.188 ns,0.0045 ns,0.0037 ns,1.00,0.00,0 B,NA
Subtract_FrE,.NET 8.0,False,Default,Default,Default,Default,Default,Default,111111111111111111111111,Empty,RyuJit,Default,X64,8c5e7fda-e8bf-4a96-9a85-a6e23a8c635c,.NET 8.0,False,True,False,True,Default,Default,False,False,False,Default,Default,Default,Default,Default,Default,Default,Default,Default,Default,Default,Default,Default,Default,Default,Default,Default,16,Default,(Net(...)801) [120],(Net(...)801) [120],2.159 ns,0.0040 ns,0.0033 ns,0.99,0.00,0 B,NA
Subtract_FrE,.NET 8.0,False,Default,Default,Default,Default,Default,Default,111111111111111111111111,Empty,RyuJit,Default,X64,8c5e7fda-e8bf-4a96-9a85-a6e23a8c635c,.NET 8.0,False,True,False,True,Default,Default,False,False,False,Default,Default,Default,Default,Default,Default,Default,Default,Default,Default,Default,Default,Default,Default,Default,Default,Default,16,Default,(Net(...)801) [120],(Net(...)801) [120],2.169 ns,0.0031 ns,0.0026 ns,0.99,0.00,0 B,NA
Subtract_FrE,.NET 8.0,False,Default,Default,Default,Default,Default,Default,111111111111111111111111,Empty,RyuJit,Default,X64,8c5e7fda-e8bf-4a96-9a85-a6e23a8c635c,.NET 8.0,False,True,False,True,Default,Default,False,False,False,Default,Default,Default,Default,Default,Default,Default,Default,Default,Default,Default,Default,Default,Default,Default,Default,Default,16,Default,(Net(...)801) [120],(Net(...)801) [120],2.156 ns,0.0013 ns,0.0012 ns,0.99,0.00,0 B,NA
Subtract_UInt256,.NET 8.0,False,Default,Default,Default,Default,Default,Default,111111111111111111111111,Empty,RyuJit,Default,X64,8c5e7fda-e8bf-4a96-9a85-a6e23a8c635c,.NET 8.0,False,True,False,True,Default,Default,False,False,False,Default,Default,Default,Default,Default,Default,Default,Default,Default,Default,Default,Default,Default,Default,Default,Default,Default,16,Default,(Net(...)801) [120],(Net(...)801) [120],3.939 ns,0.0223 ns,0.0208 ns,1.80,0.01,0 B,NA
Subtract_UInt256,.NET 8.0,False,Default,Default,Default,Default,Default,Default,111111111111111111111111,Empty,RyuJit,Default,X64,8c5e7fda-e8bf-4a96-9a85-a6e23a8c635c,.NET 8.0,False,True,False,True,Default,Default,False,False,False,Default,Default,Default,Default,Default,Default,Default,Default,Default,Default,Default,Default,Default,Default,Default,Default,Default,16,Default,(Net(...)801) [120],(Net(...)801) [120],4.014 ns,0.0023 ns,0.0019 ns,1.83,0.00,0 B,NA
Subtract_UInt256,.NET 8.0,False,Default,Default,Default,Default,Default,Default,111111111111111111111111,Empty,RyuJit,Default,X64,8c5e7fda-e8bf-4a96-9a85-a6e23a8c635c,.NET 8.0,False,True,False,True,Default,Default,False,False,False,Default,Default,Default,Default,Default,Default,Default,Default,Default,Default,Default,Default,Default,Default,Default,Default,Default,16,Default,(Net(...)801) [120],(Net(...)801) [120],4.074 ns,0.0090 ns,0.0080 ns,1.86,0.00,0 B,NA
Subtract_UInt256,.NET 8.0,False,Default,Default,Default,Default,Default,Default,111111111111111111111111,Empty,RyuJit,Default,X64,8c5e7fda-e8bf-4a96-9a85-a6e23a8c635c,.NET 8.0,False,True,False,True,Default,Default,False,False,False,Default,Default,Default,Default,Default,Default,Default,Default,Default,Default,Default,Default,Default,Default,Default,Default,Default,16,Default,(Net(...)801) [120],(Net(...)801) [120],4.003 ns,0.0204 ns,0.0181 ns,1.83,0.01,0 B,NA
Subtract_FrE,.NET 8.0,False,Default,Default,Default,Default,Default,Default,111111111111111111111111,DOTNET_EnableHWIntrinsic=0,RyuJit,Default,X64,8c5e7fda-e8bf-4a96-9a85-a6e23a8c635c,.NET 8.0,False,True,False,True,Default,Default,False,False,False,Default,Default,Default,Default,Default,Default,Default,Default,Default,Default,Default,Default,Default,Default,Default,Default,Default,16,Default,(Net(...)801) [120],(Net(...)801) [120],6.227 ns,0.0228 ns,0.0214 ns,2.85,0.01,0 B,NA
Subtract_FrE,.NET 8.0,False,Default,Default,Default,Default,Default,Default,111111111111111111111111,DOTNET_EnableHWIntrinsic=0,RyuJit,Default,X64,8c5e7fda-e8bf-4a96-9a85-a6e23a8c635c,.NET 8.0,False,True,False,True,Default,Default,False,False,False,Default,Default,Default,Default,Default,Default,Default,Default,Default,Default,Default,Default,Default,Default,Default,Default,Default,16,Default,(Net(...)801) [120],(Net(...)801) [120],6.202 ns,0.0054 ns,0.0051 ns,2.83,0.01,0 B,NA
Subtract_FrE,.NET 8.0,False,Default,Default,Default,Default,Default,Default,111111111111111111111111,DOTNET_EnableHWIntrinsic=0,RyuJit,Default,X64,8c5e7fda-e8bf-4a96-9a85-a6e23a8c635c,.NET 8.0,False,True,False,True,Default,Default,False,False,False,Default,Default,Default,Default,Default,Default,Default,Default,Default,Default,Default,Default,Default,Default,Default,Default,Default,16,Default,(Net(...)801) [120],(Net(...)801) [120],6.222 ns,0.0187 ns,0.0175 ns,2.85,0.01,0 B,NA
Subtract_FrE,.NET 8.0,False,Default,Default,Default,Default,Default,Default,111111111111111111111111,DOTNET_EnableHWIntrinsic=0,RyuJit,Default,X64,8c5e7fda-e8bf-4a96-9a85-a6e23a8c635c,.NET 8.0,False,True,False,True,Default,Default,False,False,False,Default,Default,Default,Default,Default,Default,Default,Default,Default,Default,Default,Default,Default,Default,Default,Default,Default,16,Default,(Net(...)801) [120],(Net(...)801) [120],6.255 ns,0.0018 ns,0.0016 ns,2.86,0.00,0 B,NA
Subtract_UInt256,.NET 8.0,False,Default,Default,Default,Default,Default,Default,111111111111111111111111,DOTNET_EnableHWIntrinsic=0,RyuJit,Default,X64,8c5e7fda-e8bf-4a96-9a85-a6e23a8c635c,.NET 8.0,False,True,False,True,Default,Default,False,False,False,Default,Default,Default,Default,Default,Default,Default,Default,Default,Default,Default,Default,Default,Default,Default,Default,Default,16,Default,(Net(...)801) [120],(Net(...)801) [120],7.428 ns,0.0071 ns,0.0067 ns,3.39,0.01,0 B,NA
Subtract_UInt256,.NET 8.0,False,Default,Default,Default,Default,Default,Default,111111111111111111111111,DOTNET_EnableHWIntrinsic=0,RyuJit,Default,X64,8c5e7fda-e8bf-4a96-9a85-a6e23a8c635c,.NET 8.0,False,True,False,True,Default,Default,False,False,False,Default,Default,Default,Default,Default,Default,Default,Default,Default,Default,Default,Default,Default,Default,Default,Default,Default,16,Default,(Net(...)801) [120],(Net(...)801) [120],7.804 ns,0.0374 ns,0.0349 ns,3.57,0.02,0 B,NA
Subtract_UInt256,.NET 8.0,False,Default,Default,Default,Default,Default,Default,111111111111111111111111,DOTNET_EnableHWIntrinsic=0,RyuJit,Default,X64,8c5e7fda-e8bf-4a96-9a85-a6e23a8c635c,.NET 8.0,False,True,False,True,Default,Default,False,False,False,Default,Default,Default,Default,Default,Default,Default,Default,Default,Default,Default,Default,Default,Default,Default,Default,Default,16,Default,(Net(...)801) [120],(Net(...)801) [120],7.539 ns,0.0041 ns,0.0034 ns,3.45,0.01,0 B,NA
Subtract_UInt256,.NET 8.0,False,Default,Default,Default,Default,Default,Default,111111111111111111111111,DOTNET_EnableHWIntrinsic=0,RyuJit,Default,X64,8c5e7fda-e8bf-4a96-9a85-a6e23a8c635c,.NET 8.0,False,True,False,True,Default,Default,False,False,False,Default,Default,Default,Default,Default,Default,Default,Default,Default,Default,Default,Default,Default,Default,Default,Default,Default,16,Default,(Net(...)801) [120],(Net(...)801) [120],7.541 ns,0.0090 ns,0.0084 ns,3.45,0.01,0 B,NA
